<?xml version='1.0' encoding='UTF-8'?>
<types:mule xmlns:types="http://www.mulesoft.org/schema/mule/types">
  <types:catalog>
    <types:type name="JSONipData" format="json">
      <types:shape format="weave" example="examples/new 4.txt"><![CDATA[%dw 2.0

type JSONipData = Array<{|  name: String,   id: String,   acType: String|}> {"example": "[{\"name\":\"ravindra\",\"id\":\"123654\",\"acType\":\"ewr\"},{\"name\":\"ravindra\",\"id\":\"123654\",\"acType\":\"ewr\"},{\"name\":\"ravindra\",\"id\":\"123654\",\"acType\":\"ewr\"}]"}

]]></types:shape>
    </types:type>
    <types:type name="csvInput" format="csv">
      <types:shape format="weave" example="examples/tc_to_pc.csv_201810280923.csv"><![CDATA[%dw 2.0

type csvInput = Array<{|  DCMEVTCOD: String,   ACTID: String,   SAHNUM: String,   ACTPTYIDL: String,   CUSNUM: String,   PSNFNAM: String,   PSNLNAM: String,   CUSNAM: String,   ADRSTAB: String,   ADRLCTB: String,   ADRSTCODB: String,   ADRZP5B: String,   ADRSTAS: String,   ADRLCTS: String,   ADRSTCODS: String,   ADRZP5S: String,   ATDPHG: String,   ZDLPPHN: String,   ADRID: String,   ZDLPINF: String,   ACTBUNCDC: String,   BUNDSC1: String,   BUNCOD: String,   BUNDSC: String,   REGID: String,   REGDSC: String,   DIVID: String,   DIVDSC: String,   "AC#DTE": String,   "AC#CRSCOD": String,   "AC#CDTE": String,   STHCOD: String,   SAHOEDTE: String,   SAHOXDTE: String,   SAHACQBCD: String,   AQBDTE: String,   SAHCVTDTE: String,   RPSROOT: String,   ACTICGCOD: String,   LDDLCSCOD: String,   LDDLDSCOD: String,   LDDSRCDSC: String,   ACTSTS: String,   EMPNAM: String,   SITCOD: String,   ZDSPIND: String,   ZTCSAHNUM: String,   ZTCCRSCOD: String,   ZTCCRSDTE: String,   XXDATE: String,   NXTSCHDTE: String,   SAHARBAL: String,   CUSARBAL: String,   SHP01: String,   ARPSTDUE: String,   SHFBAL: String,   ACTIAMT: String,   ACTPCCNT: String,   ACTFQUCOD: String|}>

]]></types:shape>
      <types:properties>
        <types:property name="headerLineNumber" value="0"/>
        <types:property name="header" value="true"/>
        <types:property name="isQuotedString" value="false"/>
      </types:properties>
    </types:type>
  </types:catalog>
  <types:enrichment select="#b69e6ae6-2e82-4c09-9c4a-5376e0be0acc">
    <types:processor-declaration>
      <types:input-event>
        <types:message>
          <types:payload type="csvInput"/>
        </types:message>
      </types:input-event>
    </types:processor-declaration>
  </types:enrichment>
</types:mule>