<?xml version="1.0" encoding="UTF-8"?>

<mule xmlns:file="http://www.mulesoft.org/schema/mule/file" xmlns:ee="http://www.mulesoft.org/schema/mule/ee/core"
	xmlns:http="http://www.mulesoft.org/schema/mule/http"
	xmlns="http://www.mulesoft.org/schema/mule/core" xmlns:doc="http://www.mulesoft.org/schema/mule/documentation" xmlns:xsi="http://www.w3.org/2001/XMLSchema-instance" xsi:schemaLocation="http://www.mulesoft.org/schema/mule/core http://www.mulesoft.org/schema/mule/core/current/mule.xsd
http://www.mulesoft.org/schema/mule/http http://www.mulesoft.org/schema/mule/http/current/mule-http.xsd
http://www.mulesoft.org/schema/mule/ee/core http://www.mulesoft.org/schema/mule/ee/core/current/mule-ee.xsd
http://www.mulesoft.org/schema/mule/file http://www.mulesoft.org/schema/mule/file/current/mule-file.xsd">
	<file:config name="File_Config" doc:name="File Config" doc:id="cf2fcd74-9c75-4c67-8c9b-d396039411fe" >
		<file:connection workingDir="C:\Users\phani\OneDrive\Documents\Ravindra" />
	</file:config>

	<http:listener-config name="HTTP_Listener_config" doc:name="HTTP Listener config" doc:id="628d2759-6512-4ee5-96f0-5b9796c45b13" >
		<http:listener-connection host="0.0.0.0" port="8081" />
	</http:listener-config>
	<flow name="csvfileFlow" doc:id="91ba7cf4-71fe-4836-b989-77b62c23bcba" >
		<http:listener doc:id="e563d0cd-93ee-483a-861f-a94948e60d10" doc:name="" path="/test" config-ref="HTTP_Listener_config"/>
		<ee:transform doc:name="Transform Message" doc:id="b69e6ae6-2e82-4c09-9c4a-5376e0be0acc" >
			<ee:message >
				<ee:set-payload ><![CDATA[%dw 2.0
output application/csv
---
payload map {
	"DCMEVTCOD": $.DCMEVTCOD,
	"ACTID": $.ACTID,
	"SAHNUM": $.SAHNUM,
	"ACTPTYIDL": $.ACTPTYIDL,
	"CUSNUM": $.CUSNUM,
	"PSNFNAM": $.PSNFNAM,
	"PSNLNAM": $.PSNLNAM,
	"CUSNAM": $.CUSNUM,
	"ADRSTAB": $.ADRSTAB,
	"ADRLCTB": $.ADRLCTB,
	"ADRSTCODB": $.ADRSTCODB,
	"ADRZP5B": $.ADRZP5B,
	"ADRSTAS": $.ADRSTAS,
	"ADRLCTS": $.ADRLCTS,
	"ADRSTCODS": $.ADRSTCODS,
	"ADRZP5S": $.ADRZP5S,
	"ATDPHG": $.ATDPHG,
	"ZDLPPHN": $.ZDLPPHN,
	"ADRID": $.ADRID,
	"ZDLPINF": $.ZDLPINF,
	"ACTBUNCDC": $.ACTBUNCDC,
	"BUNDSC1": $.BUNDSC1,
	"BUNCOD": $.BUNCOD,
	"BUNDSC": $.BUNDSC,
	"REGID": $.REGID,
	"REGDSC": "TENNESSEE REGION",
	"DIVID": "2945",
	"DIVDSC": "NORTH DIVISION",
	"AC#DTE": "19791218",
	"AC#CRSCOD": "",
	"AC#CDTE": "19000101",
	"STHCOD": "",
	"SAHOEDTE": "19791218",
	"SAHOXDTE": "20991231",
	"SAHACQBCD": "",
	"AQBDTE": "19000101",
	"SAHCVTDTE": "19000101",
	"RPSROOT": "PC",
	"ACTICGCOD": "GPC",
	"LDDLCSCOD": "",
	"LDDLDSCOD": "",
	"LDDSRCDSC": "",
	"ACTSTS": "",
	"EMPNAM": "",
	"SITCOD": "RES",
	"ZDSPIND": "S",
	"ZTCSAHNUM": "",
	"ZTCCRSCOD": "",
	"ZTCCRSDTE": "19000101",
	"XXDATE": "20181027",
	"NXTSCHDTE": "20190110",
	"SAHARBAL": "110",
	"CUSARBAL": "110",
	"SHP01": "110",
	"ARPSTDUE": "0",
	"SHFBAL": "0",
	"ACTIAMT": "110",
	"ACTPCCNT": $.ACTPCCNT,
	"ACTFQUCOD": $.ACTFQUCOD
}]]></ee:set-payload>
			</ee:message>
		</ee:transform>
		<file:write doc:name="Write" doc:id="fc6e7149-6cc2-4e43-ba17-b36b7db0e39d" config-ref="File_Config" path="#[&quot;tc_to_pc.csv_&quot; ++ now() as String {format: &quot;yyyyMMddhhmm&quot;} ++ '.csv']"/>
	</flow>
</mule>
